title:happy   happy d ay,description:the  perosn w ho did
title:iujgkuyouytoiuyoiu,description:hahahahhahaha
title:lddljkhlskjh,description:the person!!
title:hphlksajdhf,description:thedog
title:leslie,description:the  person
title:jappy,description:the person
title:hello,description:the person
title:hello,description:the dog
title:person,description:the person
title:happy,description:day
title:happy,description:the fun
title:happy,description:the fun
title:happy,description:the day
title:leslie,description:wilson the
title:the,description:
title:happy,description:t
title:car,description:
title:leslie,description:helloe
title:the,description:
title:the,description:
title:person,description:vananos
